{"Pharma C":[524788.9924748223,524788.9924748223,888700.6928094937,1.0668223369942242e6,1.2072402488399842e6,1.3217005500182596e6,1.4304274463513324e6,1.5253580008437398e6,1.6435867059506897e6,1.7456453509790315e6,1.8200187971400756e6,1.8820158707023205e6,1.9473976946854596e6,1.990668047964608e6,2.0380798422391405e6,2.0849201963805791e6,2.1280330771552813e6,2.169591410710733e6,2.2081384632625477e6,2.2436855869889176e6,2.2675836498080324e6,2.294559872916035e6,2.3183167510166126e6,2.342011140937784e6,2.3648243262476474e6,2.3874605427259323e6,2.406364056207641e6,2.4248286542005795e6,2.4398242438903223e6,2.451891882862994e6,2.4630703550949427e6,2.472089629013718e6,2.4794057285735607e6,2.4858234820589274e6,2.489919839270143e6,2.493650700809819e6,2.496002006291649e6,2.4962012481525782e6],"POP_TOT":3954307,"All":[484556.233342368,484556.233342368,897106.7651674155,1.0823459282325942e6,1.2608448466752712e6,1.414857657227661e6,1.5218635796432153e6,1.6328941909469417e6,1.7321978187110252e6,1.8179070367212868e6,1.92795663520594e6,2.0016412999467803e6,2.0675955737533034e6,2.128064662525254e6,2.1863789291922706e6,2.24281497317233e6,2.2924908521570666e6,2.3356012015586384e6,2.3779618017453924e6,2.418526758970447e6,2.458186985347181e6,2.4968114492851314e6,2.5319993367286017e6,2.565940504942355e6,2.5994687857234194e6,2.63135628139742e6,2.6610628079489693e6,2.6907688199436427e6,2.7204413683102815e6,2.748835109603147e6,2.773420419418219e6,2.797937165101389e6,2.821927998591999e6,2.8456704472272247e6,2.8678821138937e6,2.889507824506442e6,2.910496145089197e6,2.9314761185925263e6,2.951942636563486e6,2.9719978059213716e6,2.991505881718734e6,3.0109651460774704e6,3.0303896434279988e6,3.049290255586794e6,3.0665277017946965e6,3.082591872440486e6,3.0980942035688157e6,3.1130399522209973e6,3.1278804459361113e6,3.141800392184814e6,3.1546658773650955e6,3.1672880335557666e6,3.1797097017098903e6,3.191953523141917e6,3.2037799422189654e6,3.215127984728971e6,3.226253015666082e6,3.23702683839488e6,3.2474289066956164e6,3.257701151927288e6,3.2675829286823547e6,3.2772007033278816e6,3.28657876915737e6,3.2958744515605955e6,3.305134950968578e6,3.314154224887354e6,3.3230673407347756e6,3.3319032880238793e6,3.340546680802676e6,3.349186833732387e6,3.357789871887701e6,3.3657706753709577e6,3.3737058674840797e6,3.381336635240259e6,3.388766176296712e6,3.3958949923579358e6,3.4026362677679844e6,3.4092347566272533e6,3.4157459935560827e6,3.422049027201126e6,3.428151589927817e6,3.4339769157285495e6,3.439542301426935e6,3.4448412857657988e6,3.449921895054859e6,3.454311299053136e6,3.4586808312186757e6,3.4629265276093856e6,3.4671462341151e6,3.471360906749279e6,3.4751588865371444e6,3.4788897480768203e6,3.4824407497570068e6,3.4859389810630223e6,3.4894023572168276e6,3.4926856069131834e6,3.495805652396071e6,3.4988291625011e6,3.501615581810841e6,3.504119645574251e6,3.5064671115107974e6,3.5087619562033806e6,3.510885544427384e6,3.5128519485239093e6,3.51481111989908e6,3.5165543351208894e6,3.5182325898950943e6,3.519860964312673e6,3.5214846261850456e6,3.5229745785411536e6,3.524381620535534e6,3.5256881807201817e6,3.526975415074383e6,3.5282064345643856e6,3.5294306946950043e6,3.530623887773902e6,3.531614704172718e6,3.532593911265966e6,3.5335679428597423e6,3.5343445456608785e6,3.5349272924229214e6,3.535504777080316e6,3.53607679534784e6,3.5365248279156047e6,3.536777242763691e6,3.536976484624621e6,3.5371303849099823e6,3.5372467453604923e6,3.5372849943440584e6],"Pharma B":[491434.1249415114,491434.1249415114,872582.6805133832,1.0789112105581607e6,1.2393637724310607e6,1.3719922820295421e6,1.473411136356784e6,1.5500374919352292e6,1.6529619471624142e6,1.7436153152119266e6,1.8034187657445297e6,1.8611005841098465e6,1.9042127872894304e6,1.9368137563458954e6,1.9769997351061478e6,2.013624811652491e6,2.04923055807616e6,2.083171358463969e6,2.1153940706458283e6,2.1442913992100675e6,2.1677237993812975e6,2.1934737266553114e6,2.217778141435987e6,2.2378959467577143e6,2.256885285727741e6,2.27470829414282e6,2.289704710856286e6,2.3040189495035284e6,2.3176713065266726e6,2.330684889273396e6,2.3428415485316003e6,2.353648368969832e6,2.363450796089403e6,2.3730944630718026e6,2.3823739180084434e6,2.391396234820337e6,2.3957856388186133e6,2.399353718973532e6,2.4026963403969333e6,2.404797278033385e6,2.405516322006523e6],"Pharma A":[484556.233342368,484556.233342368,893414.6699287001,1.0580522054166e6,1.2375074855315017e6,1.3811315869191166e6,1.4730353090214054e6,1.57239039586174e6,1.6731323684991149e6,1.777585761238104e6,1.8654804000891456e6,1.9464108444183087e6,2.0034528102132513e6,2.0590481478501617e6,2.1134273062641923e6,2.1537572290166956e6,2.177257950246121e6,2.2153201252495395e6,2.251187463738708e6,2.2851064252611324e6,2.3186321652679453e6,2.352150300899794e6,2.380414395121978e6,2.4071087559852228e6,2.4328885170936e6,2.4579781133109033e6,2.482928115356673e6,2.503876625589739e6,2.5209108151276642e6,2.537282661154129e6,2.55048059467232e6,2.5637230379336015e6,2.576784419608672e6,2.589466098372407e6,2.6007540668202727e6,2.6079648477523895e6,2.6146216486224877e6,2.619517378575932e6,2.6240513772153785e6,2.6284357109170747e6,2.6326073323751064e6,2.6361224000276364e6,2.6394260346064605e6,2.641493160456456e6]}