{"Pharma C":[364236.6738179607,364236.6738179607,657096.9018999944,798121.6937910359,974385.9407767904,1.12312876605345e6,1.247115357093543e6,1.3340255083409867e6,1.4204581289545766e6,1.5220672907873562e6,1.6022755007949972e6,1.6831100956364735e6,1.7514992336839596e6,1.8250909848247939e6,1.884802753662201e6,1.94282666916959e6,2.0046296561756625e6,2.051651997506257e6,2.1007703743675086e6,2.1529451127777165e6,2.2039471030369066e6,2.239068605991784e6,2.269490815920422e6,2.309163241714825e6,2.3465730010704193e6,2.3780789130618675e6,2.414636112483844e6,2.445387251874509e6,2.473872812647337e6,2.5022327862051157e6,2.527732201640249e6,2.5518297053269665e6,2.573352293793922e6,2.593896803646182e6,2.6151995855183685e6,2.6340173599554803e6,2.65191222077863e6,2.6688623547943467e6,2.6847413416772885e6,2.696298500906312e6,2.7113085640219054e6,2.725340711772015e6,2.7379273672920326e6,2.7504931182317147e6,2.762892531384486e6,2.7749465727618253e6,2.7869264156817226e6,2.7958775448116786e6,2.8067304176090914e6,2.817420080412089e6,2.827579929119165e6,2.8375027676974824e6,2.8465659808728094e6,2.8553457672908185e6,2.861220826512647e6,2.867056526899765e6,2.8728571761314357e6,2.878416812770828e6,2.8834008797051967e6,2.8883747438240885e6,2.8923427177190995e6,2.8957202554694647e6,2.8982620611932743e6,2.8997824097260004e6,2.900904815234789e6,2.901345301834506e6],"POP_TOT":5027539,"All":[384291.70629716624,384291.70629716624,605205.0031978133,802957.1431555662,969020.9007096358,1.0989830004641335e6,1.2544247897752156e6,1.3573465601909277e6,1.4488369859380252e6,1.5578954469867751e6,1.6715535438572622e6,1.7317940566466923e6,1.8121979936775335e6,1.8919241683395447e6,1.9585549711094263e6,2.0272195549658414e6,2.095297950190701e6,2.1557195434897123e6,2.219701689475091e6,2.2821150847952804e6,2.3353159635391464e6,2.3797682770108376e6,2.4236006031760857e6,2.468781067913247e6,2.5124740090535316e6,2.5564033220888567e6,2.594675658350682e6,2.626872932464258e6,2.663699794336538e6,2.700225413487461e6,2.734743620206192e6,2.768386680307652e6,2.799940101364692e6,2.8307855815313654e6,2.860952176613769e6,2.8910341709060995e6,2.92035735792938e6,2.9485506143577644e6,2.974292706920296e6,2.999737747458926e6,3.025146898529649e6,3.0503003337178524e6,3.073188941248245e6,3.095991100119025e6,3.1175542771779974e6,3.138989064198147e6,3.159882995810595e6,3.18049130765339e6,3.2008927469926523e6,3.21998809512673e6,3.2389794535107855e6,3.257785502286512e6,3.2765911888256064e6,3.295171010587386e6,3.313120776994795e6,3.3299474140227567e6,3.346552620959394e6,3.3633792579873567e6,3.379733021341493e6,3.3957390319489376e6,3.411497440945669e6,3.4270650375911766e6,3.442339359663156e6,3.457299545746409e6,3.4721844100657185e6,3.4869687114001303e6,3.501655995411846e6,3.515298050512253e6,3.528487957682111e6,3.541489229796934e6,3.5542885040366454e6,3.5665779961127145e6,3.578363137998168e6,3.5900066170107713e6,3.6014059251474943e6,3.612644171873661e6,3.623781324762914e6,3.634797756576305e6,3.645646195312903e6,3.656477077802825e6,3.6673041017906913e6,3.67796403988453e6,3.6885520382398865e6,3.699045346720011e6,3.7093252978019416e6,3.719483591902139e6,3.729447002001401e6,3.739402347216812e6,3.749173199955431e6,3.758942103882469e6,3.768678317981527e6,3.7778491127172946e6,3.7868739521367843e6,3.7958515627590814e6,3.804758588222862e6,3.8134233031619326e6,3.821815787105538e6,3.830138226514847e6,3.838435755195152e6,3.846707358482727e6,3.8548433564439807e6,3.862933940174905e6,3.870968977385034e6,3.878967367117293e6,3.8867385499831173e6,3.89441842028146e6,3.9020851962825763e6,3.9097493204190545e6,3.9173748868483147e6,3.924875549706319e6,3.9322825160455834e6,3.939678132870362e6,3.947068077193564e6,3.954173032684131e6,3.961237948592792e6,3.9681155459011663e6,3.974976383286327e6,3.9817995554598947e6,3.9885182284955615e6,3.9952098535931436e6,4.001892533100916e6,4.008176206211989e6,4.0143668197312136e6,4.020229906421178e6,4.0260720765367174e6,4.0316359358435203e6,4.03719780366382e6,4.0427532199793914e6,4.0482192786688297e6,4.0536071226741825e6,4.0589341053026905e6,4.0642296385991485e6,4.0694813308716076e6,4.0746691282923003e6,4.079841890204114e6,4.085003193754189e6,4.090143829456303e6,4.0952719343862194e6,4.1003679448781037e6,4.10538199026533e6,4.1103470006061136e6,4.1152250906052347e6,4.1200402706457675e6,4.1248319688431364e6,4.12956199832397e6,4.1342246219821093e6,4.138875167399515e6,4.143491807952835e6,4.148096382525509e6,4.152624588969823e6,4.157119612384839e6,4.161586580479121e6,4.1660471052448167e6,4.17050339561485e6,4.1749512499482757e6,4.179391613410492e6,4.1837188951273407e6,4.187986366127978e6,4.1921705927643874e6,4.19632968083361e6,4.200306928880944e6,4.204136662488997e6,4.207960631442946e6,4.211635961433239e6,4.215287776211415e6,4.218919089238e6,4.222331030861705e6,4.225742326964466e6,4.229152648032337e6,4.23254302551608e6,4.235909650100827e6,4.239262992767975e6,4.242613576647356e6,4.245939590460109e6,4.2491934001011085e6,4.252432381500671e6,4.255666679748341e6,4.258888013541534e6,4.262057862061841e6,4.2651440565096205e6,4.268110635531127e6,4.270968434393238e6,4.273793750862988e6,4.276586809572655e6,4.279354947423588e6,4.281977249736417e6,4.28458601309148e6,4.287068762249902e6,4.289526307322917e6,4.29197006911298e6,4.294345479362973e6,4.29669409570554e6,4.299034986024189e6,4.301368931651703e6,4.303636760893193e6,4.305851836233337e6,4.308021096493419e6,4.310138373185929e6,4.312192690621669e6,4.314243771435429e6,4.316285395954275e6,4.3183029653745955e6,4.320278155738861e6,4.322239308415538e6,4.324179831958612e6,4.326083295044733e6,4.32796984045982e6,4.329826789704285e6,4.331669860786641e6,4.333447780916632e6,4.335182131894406e6,4.336881359706846e6,4.338562366290046e6,4.340239823615583e6,4.341840965616467e6,4.343435205681937e6,4.345028692410556e6,4.346602475834686e6,4.3481560931320675e6,4.34961029855871e6,4.351044855300627e6,4.352446896952792e6,4.353826752577788e6,4.355189904808976e6,4.356539352112496e6,4.357827749836499e6,4.359080484600826e6,4.360331546729264e6,4.361581180910242e6,4.362813250381271e6,4.364034287178197e6,4.365250796959929e6,4.366467249742874e6,4.367683571332039e6,4.368820910754419e6,4.369941270229688e6,4.371044902766525e6,4.372140140120295e6,4.373209823772534e6,4.374227124370771e6,4.3752243538569985e6,4.376214996922911e6,4.377200959768777e6,4.3781647214760175e6,4.379080265661822e6,4.379974702610114e6,4.380860042458387e6,4.3817279540882865e6,4.382595663344919e6,4.383408290364954e6,4.384167668566509e6,4.384899488800791e6,4.3856290513577955e6,4.386336610040958e6,4.38702991557875e6,4.387722489511875e6,4.388375639103419e6,4.388953849494266e6,4.38952129905811e6,4.390084554297633e6,4.390567260885823e6,4.39100774748554e6,4.3914141366703445e6,4.391798258317105e6,4.392176289923309e6,4.392541364828923e6,4.392828682483089e6,4.393078266043058e6,4.393293351936289e6,4.393497318027097e6,4.393663547696215e6,4.393805149236868e6,4.393937826062136e6,4.394005998383739e6,4.394067008580656e6,4.394124898871048e6,4.394159384024856e6,4.394187625506801e6,4.394194268284751e6],