{"Pharma C":[90952.3815870149,90952.3815870149,163990.31675529448,210977.57689949815,245273.7347616875,276468.07206656976,295789.80386997346,328284.59439912456,354245.84361119935,376750.48030145554,395380.7827674972,414205.24117229803,438792.2879536738,458931.87689711794,475436.8235479718,491505.2404967281,506168.5399273226,519423.0263201894,533198.5136958091,545738.9077199153,555976.2746137879,568427.7226067852,579597.4025382146,590964.6352891631,599789.093923616,607280.0081697368,616355.3183910734,624565.3789090932,631684.8248777837,637267.3924536945,642234.516547079,647069.4368236685,651749.2064998698,655708.1583812817,659071.7796156313,662152.7739024785,664846.0188925804,666910.4369412124,668747.7313039957,670657.6734049885,671855.4345763446,672996.5367049247,673631.9865963613],"POP_TOT":1463970,"All":[90952.3815870149,90952.3815870149,174755.0102267334,211769.74753452328,256289.04517446656,285288.54588372837,332275.80602793186,364532.18906402367,394843.99738254095,421944.36158592737,451651.5972945474,474133.08445538674,496929.52172671835,515301.89419847215,534834.4737380474,549788.5216872973,567627.1544154133,585829.1819470003,595837.4339988299,606361.8617849984,619078.6974163691,630918.5310464832,648564.292819725,664348.2100693702,679445.4625845974,692209.686769812,705880.0459624721,720307.0425710876,733066.3192589289,742873.5238941277,753049.278807905,762249.6804073305,771525.2705947077,782421.1253235586,791673.0422928503,800723.1216756952,807948.2095116546,815860.7202385901,822212.2971032287,830161.8266506494,837953.5779496476,845650.3285610907,853304.0077565282,860920.1053961841,868455.4705427979,875635.1717626698,882810.6246793488,889978.841926193,897116.426809722,904054.3035735533,910792.5576166123,917523.5792748275,924161.1879316439,930713.8403083575,937149.5045633559,943433.0907148347,948904.350681623,954260.5453533686,959487.543175405,964662.4806224707,969692.3509342417,974681.6976220924,979640.4884204068,984592.1334785535,989231.7027041604,994027.5983018636,998646.5459948214,1.0029979391292512e6,1.0073036168582133e6,1.0115586023157601e6,1.0156544284533957e6,1.0197421872057745e6,1.0236789549572032e6,1.0275961779693342e6,1.0313268984887376e6,1.0349565270007725e6,1.0385069185181402e6,1.0419254648300228e6,1.045329019966073e6,1.0487003363633798e6,1.0520639575977293e6,1.0553980082549374e6,1.058696590208971e6,1.0617136784840436e6,1.0646074245450941e6,1.067300197576552e6,1.069987328618975e6,1.0726415153135338e6,1.0752234502422183e6,1.0777476361256212e6,1.0802032019377227e6,1.082645293980159e6,1.084989241395178e6,1.0872413529274177e6,1.0894764981221352e6,1.0916975746248506e6,1.0938164544565312e6,1.095875959966563e6,1.097845397572208e6,1.0998090815820901e6,1.1014181575660012e6,1.103286174946783e6,1.1051017255745935e6,1.1067891432970644e6,1.1084526906865218e6,1.1101139129075464e6,1.1116214503663757e6,1.1131254745183887e6,1.1146024708141822e6,1.115964628269319e6,1.1173115851126476e6,1.1184868411904795e6,1.119616412082494e6,1.120717918600081e6,1.121750930129386e6,1.122768151560025e6,1.123727149504467e6,1.1246643162944163e6,1.1255658676287984e6,1.126334189462073e6,1.1270620445946644e6,1.1277818970530687e6,1.1284821495192104e6,1.129180401511985e6,1.1298047301748318e6,1.1304560106943778e6,1.1310977943566223e6,1.131718823331253e6,1.1323147830281884e6,1.1328673363793162e6,1.1333513333273816e6,1.1338139704689432e6,1.1342684417395985e6,1.1347158693823058e6,1.1351103247883723e6,1.1354923201806487e6,1.1358089406751888e6,1.1361012879883784e6,1.136341950238984e6,1.1365712995337087e6,1.1367965444793082e6,1.136944753371386e6,1.1370329668295935e6,1.1370996487310303e6,1.1371250713676226e6],"Pharma B":[87005.33550493688,87005.33550493688,173814.52795999535,207961.10468647847,238239.44576931014,273192.6887014509,319065.36763361935,347352.0684963793,370707.82331795344,390942.2512691097,404159.4754299183,431504.5343359148,447188.1861651176,464946.77523608645,480142.6745828525,495717.33449572156,512628.1036380435,525831.6274821738,543097.3477423962,554268.8512858688,567711.5906792314,578492.5423998662,586917.6003852581,598814.8126045075,608560.4206998392,619246.1560787797,627015.3518714879,634506.2661176089,641508.5431447707,649288.3207482641,656558.8141174627,663945.7665115929,670413.8272852065,677159.3567729526,682837.6121100169,687810.5649449972,692062.5330565311,696425.3364479572,700548.2559138425,703177.479326334,706661.1226650842,709712.4998018623,712507.7429264996,714788.3079715415,716975.0648017679,717788.6099546056],"Pharma A":[80625.90975516816,80625.90975516816,158994.5232982678,197255.80704033104,220901.7622934147,261682.50206487338,295731.7610042143,315895.3726098291,336137.1308114169,363651.67981467745,392358.21227916377,414624.9032755444,441064.7592119475,458309.33406393323,475556.5502439471,487501.56461296405,502014.0637155115,516134.0581127151,530460.7369206506,541640.3056677425,552294.0986993752,564700.5386647425,577868.3850150221,586903.9700426384,598263.7008690258,607937.6777745222,618686.6197199747,625662.5210672158,634914.6286230223,640732.1251136515,648112.6854872082,655455.7885860787,661386.5158923416,667258.4146655541,672674.1326847331,677415.4632205785,682062.7258764553,686371.9994005248,690736.4406303086,694213.8905931214,697645.076295287,699940.6111737522,702227.0972701081,704491.6208233322,705615.4345256885,706556.59070003,707198.3743622744]}